EmployeeID,FirstName,LastName,DateOfBirth,Gender,HireDate,DepartmentID
1,Megan,Johnson,1981-01-06,M,2014-11-14,6
2,Katherine,Bailey,1976-04-04,M,2022-08-24,1
3,Robert,Smith,1968-04-07,F,2017-11-19,4
4,Jonathan,Mccann,2000-11-02,F,2021-03-29,4
5,William,Fuentes,1992-05-01,F,2020-04-05,8
6,Richard,Jones,1982-06-15,M,2022-07-18,10
7,Kristen,Barry,1975-04-26,F,2019-08-13,4
8,Kevin,Clark,1999-07-10,F,2021-12-24,6
9,Thomas,Harris,1975-01-17,M,2016-11-09,3
10,Brandy,Nunez,1967-10-18,M,2022-07-30,5
11,Rebecca,Mays,1974-03-14,F,2019-07-10,8
12,William,Martinez,1970-12-23,M,2020-02-19,7
13,Juan,Smith,1997-10-12,F,2020-06-04,9
14,Katelyn,Wood,2000-06-19,M,2020-12-18,9
15,Christine,Johnson,1989-08-31,M,2021-03-22,2
16,John,Jacobs,1993-01-23,M,2024-05-02,7
17,Renee,Villarreal,1981-07-28,M,2021-04-25,8
18,Tonya,Lopez,1984-09-04,M,2023-01-08,8
19,Lisa,Rodriguez,1982-11-17,M,2019-07-23,9
20,Rachel,Cooper,1964-05-31,M,2024-02-04,2
21,Kyle,Haley,1992-08-29,F,2018-06-28,6
22,Jessica,Anderson,1982-07-28,F,2017-09-13,10
23,Rachel,Levy,1981-01-21,M,2021-10-29,9
24,Gabriella,Cox,2000-02-02,F,2018-03-03,10
25,Thomas,Kennedy,1999-05-15,F,2018-12-31,5
26,Craig,Carter,2001-03-23,F,2023-03-29,4
27,Ryan,Giles,1985-02-14,M,2017-05-03,1
28,Cheryl,Rubio,1986-10-12,M,2023-02-27,4
29,Robin,Fields,1976-06-01,M,2016-11-15,6
30,Tammy,White,1992-11-11,M,2023-04-16,1
31,Thomas,Kaiser,1973-02-17,F,2023-07-15,3
32,Michelle,Garcia,1963-11-22,F,2023-02-07,4
33,Jorge,Carpenter,1998-04-14,F,2022-08-01,9
34,Linda,Moore,1974-01-21,M,2020-04-20,2
35,Ana,Hurst,2001-10-26,M,2018-11-23,4
36,Alexis,Bautista,1989-08-17,F,2021-11-11,4
37,Jennifer,Brock,1988-01-19,F,2019-08-15,4
38,Raymond,Stewart,1995-01-27,F,2022-04-01,8
39,Mallory,Sanchez,1965-12-17,M,2023-06-13,1
40,Elizabeth,Fischer,2001-09-14,M,2015-05-18,2
41,Aaron,Carter,1991-07-02,F,2017-10-17,10
42,Tristan,Barnes,1979-01-09,F,2018-11-10,10
43,Mikayla,Williams,1964-07-22,M,2022-04-17,1
44,John,Anderson,1988-02-20,F,2015-08-29,5
45,Mark,Smith,1999-06-29,F,2014-10-19,8
46,Monica,Miller,1974-04-10,M,2017-11-29,4
47,James,Jones,1976-09-21,M,2016-03-30,3
48,Ashley,Fisher,1987-08-11,F,2018-11-06,8
49,John,Pierce,1997-04-22,M,2014-07-04,3
50,Tammy,Yang,1964-10-15,F,2018-03-04,1
51,Linda,Thomas,1980-06-11,F,2017-08-20,1
52,Seth,Henderson,2002-05-20,F,2017-06-10,5
53,Christopher,Walsh,1979-12-17,F,2020-08-14,6
54,Luke,Miller,1982-03-02,M,2019-01-16,6
55,William,Wallace,1976-02-01,M,2014-08-22,7
56,Sarah,Wood,1992-01-25,F,2014-10-08,9
57,Daniel,Rush,1968-10-15,F,2014-11-03,5
58,Andrea,Brown,1993-12-26,F,2017-05-03,2
59,Jasmine,Ortiz,1979-08-07,M,2019-10-08,5
60,Amy,Butler,1994-02-01,F,2018-07-04,10
61,Lisa,Chandler,1998-02-12,F,2021-03-05,9
62,Amber,Flores,1970-04-27,F,2022-12-28,2
63,Tamara,Harris,1976-04-19,F,2020-09-01,2
64,Carrie,Carter,1974-09-06,F,2020-07-10,8
65,Briana,Ruiz,1993-06-18,F,2015-12-25,10
66,Sean,Clements,1967-12-05,F,2024-05-22,10
67,Caitlyn,Hogan,1992-07-11,M,2021-11-01,4
68,Paul,Hill,1990-05-08,F,2016-06-13,7
69,Barbara,Grant,1981-12-26,F,2014-11-28,8
70,Kelly,Watts,1980-09-06,M,2017-06-01,3
71,Jaime,Flynn,1993-03-29,F,2014-09-24,1
72,Jacob,Griffin,1987-09-22,M,2023-07-14,4
73,Chloe,Ross,1985-10-16,F,2019-02-15,6
74,Diane,Saunders,1969-08-27,M,2020-06-28,10
75,Thomas,Reynolds,1984-05-19,M,2018-01-14,5
76,Christopher,Wright,1965-07-15,F,2021-01-07,5
77,Katherine,Chavez,1997-01-01,F,2017-11-01,7
78,Nancy,Giles,1964-03-26,M,2019-12-02,5
79,Sandra,Thomas,1980-07-15,M,2017-08-17,5
80,Megan,Ford,1977-04-15,F,2017-07-13,4
81,Rachael,Walsh,1990-07-25,F,2022-12-06,5
82,Sandra,Webb,1989-10-18,F,2017-01-22,5
83,Amber,Harris,1993-02-17,F,2023-02-02,9
84,Peter,Smith,1989-12-23,M,2021-06-04,5
85,Janet,Hale,1966-02-06,F,2024-06-21,4
86,Joshua,Montgomery,1995-02-25,F,2018-05-06,8
87,Lisa,Smith,1987-08-14,F,2014-07-15,6
88,Melissa,Evans,2002-03-12,M,2015-05-30,6
89,Patty,Mack,1972-02-12,F,2021-11-28,1
90,Brittany,Fuller,2001-11-23,M,2015-01-08,2
91,Stephanie,Gardner,1982-06-06,M,2016-10-17,6
92,Bethany,Moore,1985-10-25,F,2023-01-14,10
93,Shannon,Mccarthy,1965-02-21,F,2015-12-09,4
94,Donna,Ruiz,1990-07-30,F,2021-08-15,1
95,Wendy,Gregory,1995-09-22,M,2019-10-08,6
96,Sabrina,Wolf,1998-12-27,F,2020-02-18,1
97,Laura,Hall,1972-09-11,M,2017-09-14,2
98,Christopher,Gill,1966-04-26,M,2015-07-14,3
99,Chloe,Ramirez,1969-01-12,F,2020-04-04,5
100,Tom,Riggs,2001-12-31,M,2016-11-02,3
101,Crystal,Martinez,1987-02-17,F,2019-11-13,1
102,Megan,Stephenson,1988-01-21,M,2019-02-26,4
103,John,Williams,1963-10-17,F,2022-10-04,3
104,Jessica,Scott,1968-03-17,M,2022-09-04,1
105,Dave,Fox,1976-06-20,M,2020-02-11,8
106,Jeffrey,Perkins,1971-01-11,M,2019-01-28,6
107,Laura,Foster,2000-04-11,F,2015-10-25,10
108,Marvin,Garcia,1995-07-19,M,2022-04-17,1
109,Lisa,King,1966-06-03,M,2017-03-15,3
110,Craig,Campbell,1984-11-21,M,2016-04-27,8
111,Dustin,Fischer,1965-03-20,M,2023-03-17,3
112,Heidi,Stout,1984-11-28,F,2018-11-23,10
113,Brandon,Larson,1990-03-17,M,2023-12-31,3
114,Audrey,Johnson,1972-01-05,M,2021-05-15,4
115,Renee,Sparks,1982-03-17,M,2022-02-08,4
116,Amanda,Torres,1991-02-22,M,2021-08-27,3
117,Erin,Morgan,1973-02-27,M,2017-03-12,4
118,Anthony,Moreno,1973-07-10,F,2021-08-14,5
119,Cynthia,Wright,1990-12-29,M,2016-08-21,2
120,Catherine,Mora,1984-04-26,M,2016-05-26,3
121,Barbara,Martin,1998-04-18,F,2024-06-07,10
122,Peter,Perry,1967-07-24,M,2016-05-20,2
123,Mitchell,Roberts,1974-07-29,M,2017-08-26,5
124,Tina,Meyer,1972-01-08,M,2022-09-10,7
125,Benjamin,Berry,1972-08-08,M,2019-06-30,9
126,Andrew,Burton,1996-03-18,F,2016-03-10,3
127,Susan,Schmidt,1966-09-01,F,2021-09-24,4
128,Jackson,Jenkins,1998-11-05,F,2018-12-13,1
129,David,Walters,1966-06-12,M,2019-03-09,1
130,Jason,Powell,2001-04-02,F,2016-05-15,7
131,Lauren,Osborne,1989-11-03,M,2020-07-16,1
132,Sharon,French,1975-10-02,F,2023-02-24,7
133,Andrew,Carter,1986-12-11,M,2023-08-10,4
134,Ronald,Watson,1969-02-13,F,2015-10-05,4
135,Craig,Fuller,1968-12-24,M,2014-08-17,9
136,Jordan,Moore,2001-07-31,F,2015-03-09,9
137,Jeffrey,Terry,1975-05-11,F,2014-09-28,9
138,Deborah,James,1981-07-24,F,2016-11-04,3
139,Michael,Garza,1977-03-16,F,2016-07-30,4
140,Henry,Taylor,1981-03-31,M,2021-06-06,3
141,William,Barnett,1985-10-20,M,2021-01-14,1
142,Benjamin,Gomez,1980-10-06,F,2022-09-04,9
143,Craig,Kennedy,1981-02-16,M,2014-12-13,9
144,Vanessa,Perry,1998-09-12,M,2019-10-26,4
145,James,Woods,1994-07-20,F,2016-11-16,9
146,Michael,Neal,1974-01-18,M,2015-12-08,3
147,Jessica,Flores,1994-01-11,M,2021-02-27,9
148,Mary,Pearson,2001-02-06,M,2024-05-05,5
149,Samantha,Brown,1973-11-20,F,2018-04-26,4
150,Gary,Evans,1966-02-11,M,2015-04-26,1
151,Emily,Mcgee,1975-07-13,F,2018-01-18,5
152,Tammy,Williams,1998-05-06,M,2021-07-03,4
153,Brian,Howell,1965-10-14,F,2014-12-16,7
154,Erica,Johnson,1984-12-30,M,2015-04-17,10
155,Megan,Ruiz,1968-05-12,M,2021-04-13,9
156,Matthew,Oneal,1976-08-12,F,2016-09-28,1
157,John,Smith,1994-07-22,M,2024-01-08,9
158,Candice,Rose,1979-09-25,F,2019-07-18,6
159,Scott,Jones,1994-09-13,F,2021-05-29,10
160,Gregory,Camacho,1999-01-10,M,2021-05-16,1
161,Thomas,Parks,1974-05-02,F,2023-10-13,10
162,Robert,Harmon,1986-03-12,F,2015-06-03,7
163,Ashley,Caldwell,1972-08-31,M,2022-01-26,6
164,William,Smith,1995-11-30,F,2023-09-19,4
165,Larry,Williams,2001-04-26,F,2016-12-17,2
166,Michael,Oliver,1967-05-18,F,2024-01-10,9
167,Mary,Key,2000-06-20,M,2016-08-25,1
168,John,Marks,1969-02-04,F,2018-01-06,5
169,Ann,Lyons,1998-09-18,M,2017-05-09,10
170,Alexander,Acosta,1986-11-08,F,2016-01-03,7
171,Judith,Perez,1963-08-28,M,2024-04-18,6
172,Matthew,Walton,1968-12-06,F,2022-06-24,8
173,Brandon,Roberts,1970-07-25,F,2019-05-21,9
174,Juan,Garcia,1992-08-05,F,2019-01-17,9
175,John,Murray,1987-06-18,M,2018-10-15,10
176,Stephanie,Rivera,2002-04-18,F,2018-02-02,3
177,Michael,Jackson,1994-03-21,M,2021-05-07,9
178,Keith,Fisher,1986-05-04,F,2014-08-22,7
179,Michael,Prince,1989-03-19,F,2015-05-14,7
180,Stacey,Graham,1998-05-10,M,2023-05-24,10
181,Cynthia,West,1988-02-15,F,2015-09-06,2
182,Christine,Fletcher,1971-07-29,M,2014-08-30,7
183,Jennifer,Warren,1972-09-30,F,2019-05-01,9
184,Paul,Anderson,1985-01-19,F,2017-02-12,9
185,Robert,Lozano,1965-01-12,F,2016-11-19,4
186,Debra,Wallace,1975-11-30,M,2023-02-13,3
187,Aaron,Clarke,1972-01-01,M,2016-10-11,4
188,James,Price,1964-10-17,F,2016-06-08,7
189,Matthew,Roman,1986-06-25,F,2020-02-21,4
190,John,Price,1976-08-23,F,2014-08-06,7
191,Dana,Robinson,1966-06-29,F,2019-12-28,6
192,Nicholas,Gonzalez,1991-08-25,M,2016-12-17,8
193,Nancy,Bentley,1967-09-16,M,2020-02-09,1
194,Ashley,Willis,1984-09-01,M,2024-04-29,9
195,Robert,Williams,1989-12-29,F,2015-07-21,5
196,Richard,Price,1967-01-16,M,2015-12-15,7
197,Jacqueline,Young,1974-12-06,M,2020-10-31,6
198,Robert,Miller,1987-11-04,M,2018-01-04,9
199,Eileen,Lopez,1968-10-03,F,2018-10-22,3
200,Brandon,Brown,1991-04-08,M,2022-02-28,4
201,Sean,Little,1967-03-01,F,2020-02-18,10
202,Jonathon,Thompson,1993-06-23,M,2022-09-28,8
203,Eric,Bishop,1987-08-24,F,2022-06-29,6
204,Allison,Salazar,1980-11-23,F,2023-08-08,4
205,Tony,Bush,1984-07-25,M,2023-06-12,5
206,Anna,Hunt,2001-10-12,F,2015-12-04,6
207,Karla,Mitchell,1994-05-11,F,2015-11-12,4
208,Nicole,Rich,1991-07-16,M,2019-11-09,4
209,Troy,Gomez,1975-10-13,M,2021-12-14,8
210,Larry,Ellis,1965-07-29,F,2021-01-06,10
211,Steven,Welch,1994-05-13,M,2021-05-08,10
212,Lisa,Black,1981-06-18,F,2023-09-18,10
213,Nancy,Huber,1976-06-13,M,2022-08-27,8
214,Lisa,Blevins,1989-11-13,F,2023-11-13,4
215,Jacob,Spears,1967-11-07,M,2021-09-25,3
216,Yvonne,Villa,1987-10-28,F,2023-04-24,4
217,Cynthia,Carpenter,1970-01-15,M,2015-09-30,10
218,Christopher,Henry,1971-11-19,F,2018-03-21,8
219,Jessica,Padilla,1965-04-08,M,2016-12-07,8
220,Valerie,Lewis,1987-05-11,F,2021-04-15,6
221,Richard,Adams,1964-12-09,M,2023-03-10,2
222,Erika,Williams,1975-07-16,M,2019-10-27,3
223,Leslie,Martin,1990-12-18,F,2017-01-03,3
224,Jason,Smith,1964-06-01,F,2015-09-08,9
225,Jennifer,Pena,1985-06-15,M,2016-12-03,2
226,Aaron,Taylor,1994-07-20,M,2017-02-20,6
227,Mackenzie,Buchanan,2001-03-11,M,2015-01-28,9
228,Allison,Becker,1997-03-29,M,2021-01-08,5
229,Connor,Arellano,1995-12-01,M,2024-02-08,1
230,David,Sanders,1968-12-17,M,2016-06-17,3
231,Debra,Morse,1967-01-03,F,2015-08-25,6
232,Morgan,Chavez,1999-12-08,M,2023-05-30,6
233,Joshua,Morgan,1990-11-03,M,2019-01-15,1
234,Tiffany,Garcia,1981-05-02,F,2024-02-08,9
235,Craig,Andrade,1965-05-18,F,2019-08-21,2
236,Melissa,Norton,1998-08-04,F,2020-06-24,2
237,Randy,Morris,1970-01-01,F,2022-08-08,1
238,Christopher,Bryant,1968-12-08,M,2021-04-30,4
239,Joshua,Nguyen,1986-03-10,M,2019-12-02,9
240,Shawn,Johnson,1987-11-20,F,2022-06-06,9
241,Laura,Williams,1970-03-10,F,2023-03-17,5
242,Michelle,Wood,1995-07-26,F,2020-05-12,5
243,Dennis,Clark,1965-09-26,F,2018-06-10,1
244,Abigail,Warren,1973-12-26,F,2023-01-12,10
245,Debra,Lopez,1998-08-23,F,2015-02-16,4
246,Michael,Harris,1983-01-09,F,2021-01-07,8
247,Monica,Chambers,1965-12-28,M,2020-09-18,4
248,Joshua,Fitzgerald,1963-07-16,M,2020-04-23,3
249,Andrew,Collins,1989-02-13,M,2023-03-16,2
250,Billy,Heath,1986-06-20,M,2014-08-09,2
251,Erin,Scott,1974-02-28,M,2018-09-27,3
252,Angela,Cooper,2000-10-18,F,2024-04-04,2
253,Stacey,Marquez,1973-06-25,F,2015-10-19,5
254,Sheena,Williams,1974-05-31,M,2022-07-29,3
255,Renee,Villa,1975-05-16,F,2016-05-17,6
256,Bobby,Jones,1974-04-22,M,2020-09-30,6
257,Kara,Murray,1979-12-30,M,2021-11-22,6
258,Jacqueline,Hardy,1985-10-29,F,2018-08-21,3
259,Diana,Williams,1965-02-09,M,2023-10-10,6
260,Jennifer,Lamb,1996-05-07,M,2014-11-25,8
261,Raven,Werner,1990-07-30,F,2023-04-24,8
262,Danielle,Stevens,1966-06-29,F,2023-02-16,7
263,Nathan,Wilson,1978-11-23,M,2016-05-21,2
264,Amanda,Miller,1979-11-03,M,2015-03-05,7
265,Jared,Garcia,1982-08-25,M,2024-03-08,8
266,Brenda,Cannon,1985-11-05,F,2020-08-03,3
267,Alan,Gutierrez,1975-01-21,F,2015-03-01,4
268,Edward,Calhoun,1979-09-12,F,2020-09-16,2
269,Mathew,Alexander,1987-06-13,M,2017-07-19,10
270,Kristine,Jones,1978-11-14,M,2020-04-15,6
271,Jennifer,Simmons,1974-08-15,F,2019-01-26,10
272,Matthew,Fischer,1992-02-13,M,2022-10-04,10
273,Christine,Calderon,1994-12-27,M,2022-09-16,3
274,Blake,Williams,1988-03-17,F,2021-08-14,1
275,Frank,White,2001-12-17,F,2014-07-06,10
276,Tina,Burns,1972-11-16,F,2018-07-04,2
277,Keith,Anderson,1989-10-15,M,2022-08-11,10
278,Ralph,Pitts,2001-12-06,M,2020-05-06,1
279,Amy,Michael,1964-05-27,M,2017-03-22,7
280,Kelly,Flores,1974-07-10,M,2015-03-26,1
281,Timothy,Graham,1963-11-15,F,2022-08-29,5
282,John,Hawkins,1990-01-08,M,2023-06-08,9
283,Brandon,Mitchell,1975-03-11,F,2017-04-17,5
284,Hayden,Weaver,1973-08-14,F,2021-01-15,4
285,Alexandra,Harris,1964-10-24,M,2019-05-21,4
286,Chad,Phillips,1965-03-14,F,2024-05-11,9
287,Richard,Ramos,1985-06-28,F,2022-09-19,9
288,Mark,Jacobs,1998-03-14,M,2018-02-10,8
289,Robert,Herrera,1963-09-27,F,2014-12-14,1
290,Cory,Green,1966-02-01,F,2022-03-20,4
291,Regina,Hall,1966-09-13,F,2017-06-09,9
292,Thomas,Wilson,1971-02-07,M,2022-01-01,8
293,Mary,Logan,2002-06-25,F,2019-11-07,8
294,Theresa,Garcia,1973-07-15,M,2024-04-29,2
295,Matthew,Quinn,1973-11-28,M,2020-01-24,9
296,Timothy,Wright,1989-05-03,M,2021-10-20,5
297,Holly,Mitchell,1965-04-15,F,2024-02-24,8
298,Ronald,Fitzgerald,1991-12-25,F,2016-12-09,1
299,Kevin,Keller,1993-03-05,M,2023-03-16,5
300,Jessica,Harmon,2002-02-21,F,2021-10-18,10
301,Patricia,Robertson,1986-02-21,F,2021-02-23,1
302,Samantha,Trevino,1980-05-12,F,2018-07-11,7
303,Courtney,Martinez,1972-11-12,F,2020-10-04,5
304,Nicholas,Brewer,1988-04-04,M,2020-12-20,3
305,Terri,Wilson,1998-03-18,M,2019-07-06,5
306,Danielle,Mclaughlin,1978-03-26,F,2018-08-01,7
307,Cameron,Howard,1999-10-13,M,2018-01-31,4
308,Christopher,Leonard,1990-09-25,M,2018-10-29,4
309,Kara,Warner,1968-06-16,M,2018-08-08,8
310,Bruce,Guerrero,1972-04-27,M,2023-08-13,9
311,Alan,Walker,1991-03-27,F,2024-06-23,6
312,Phillip,Decker,2002-01-04,M,2020-10-25,1
313,April,Allen,1987-05-07,M,2022-03-28,9
314,Shane,Holmes,1970-01-21,F,2018-07-16,6
315,Tracy,Leonard,1992-11-08,F,2020-03-26,5
316,Brenda,Hall,1993-02-27,F,2016-12-24,8
317,Erin,Fuller,1980-03-15,M,2019-12-20,5
318,Rodney,Mitchell,1995-07-20,F,2018-08-19,2
319,Micheal,Jackson,1989-06-19,F,2016-12-08,4
320,Vanessa,Pacheco,1978-10-20,F,2018-11-09,4
321,Jose,Tran,1990-05-10,M,2023-11-08,10
322,Kimberly,Murphy,1979-10-28,M,2017-06-06,3
323,Ryan,Richards,1996-03-25,F,2023-08-13,6
324,Michael,Johnson,1990-07-04,M,2016-06-09,3
325,Caleb,Anderson,1968-03-08,M,2022-02-02,4
326,Michelle,Foster,1980-08-29,F,2022-08-26,6
327,Jacqueline,Daugherty,1982-04-05,M,2017-12-21,8
328,Rebecca,Dixon,1999-04-28,F,2017-07-29,3
329,Shannon,Jones,1988-10-15,F,2020-07-30,8
330,Erica,Hubbard,2000-05-23,M,2018-09-22,2
331,David,Harrington,1964-12-19,F,2015-12-31,7
332,Raymond,Hampton,1995-10-13,M,2023-09-09,6
333,Jared,Hudson,1979-08-14,F,2022-12-09,1
334,Bobby,Dominguez,1982-04-16,M,2018-01-24,1
335,Stacy,Lewis,1966-03-25,F,2019-06-27,4
336,Jason,Oconnor,1985-05-15,M,2021-02-12,2
337,Dustin,Cabrera,1990-01-29,M,2019-02-21,10
338,James,Wolf,1970-09-30,M,2023-03-12,10
339,Nicholas,Gomez,1999-11-10,F,2017-12-04,7
340,Amy,Garza,1966-10-20,M,2020-07-05,7
341,Edward,Fuller,1973-04-20,M,2021-05-29,8
342,Vanessa,Lester,1990-03-11,F,2019-11-08,9
343,Tonya,Rodriguez,1965-04-24,M,2014-11-03,9
344,Eddie,Flowers,1992-02-21,M,2015-03-24,8
345,Richard,Fox,1990-03-28,M,2017-10-03,1
346,Erin,Howard,1992-12-13,M,2017-11-03,9
347,Natalie,Bryant,1970-08-15,F,2017-04-09,7
348,Tyler,Smith,1994-11-02,M,2023-12-20,9
349,Sally,Robinson,1994-12-04,F,2022-04-14,10
350,Marcus,Delgado,1974-06-21,F,2015-11-12,9
351,Vernon,Guerrero,1975-01-11,M,2018-10-03,4
352,Victor,Simpson,1986-08-29,F,2023-01-08,7
353,Elizabeth,Ashley,1995-10-08,F,2019-05-21,2
354,James,Castillo,1991-06-18,M,2022-10-06,8
355,Chelsea,Edwards,1974-04-23,M,2021-08-18,5
356,Jeffery,Abbott,1982-10-17,F,2019-11-01,10
357,Matthew,Green,1997-10-03,F,2021-01-16,3
358,Sydney,Munoz,1971-02-22,M,2015-06-01,1
359,Rachel,Warner,1988-07-19,F,2016-06-11,9
360,Lisa,Underwood,1986-12-29,M,2015-06-27,3
361,Austin,Floyd,1973-03-13,M,2020-03-07,8
362,Eddie,Cruz,1987-10-28,F,2017-03-16,9
363,Jonathan,Brown,1995-08-27,F,2019-01-06,5
364,Kristen,Johnson,1998-10-14,F,2023-12-30,5
365,Megan,Barber,1967-02-26,M,2021-12-10,2
366,Brandi,Nixon,1976-10-20,M,2019-09-29,8
367,Jennifer,Cooper,1981-01-07,M,2023-10-23,7
368,Lindsay,Alexander,1975-07-11,F,2021-07-18,10
369,Carl,Swanson,1985-07-31,M,2022-09-07,5
370,Christopher,Barrett,1983-08-20,M,2020-11-13,2
371,Misty,Green,1989-05-09,F,2018-03-28,6
372,Benjamin,Powers,1966-04-23,M,2016-01-06,10
373,Jeffrey,Torres,1983-04-19,F,2015-11-08,8
374,Billy,Kelly,2001-01-04,F,2016-01-15,2
375,Alexis,Ryan,1992-10-30,M,2023-02-05,4
376,Megan,Oconnor,1965-11-11,F,2014-10-14,6
377,Mark,Hernandez,1991-06-05,F,2024-05-25,8
378,Eugene,Johnson,1981-10-18,M,2023-03-21,4
379,Eduardo,Burton,1989-01-06,M,2020-02-13,7
380,Diana,Johnson,1977-08-27,F,2016-02-13,7
381,Tanya,Williams,1987-02-03,F,2024-01-28,8
382,William,Perez,1972-08-13,M,2018-06-26,10
383,Rachel,Valdez,1972-06-24,F,2014-10-31,2
384,Wayne,Jones,1970-12-29,M,2015-03-11,10
385,Audrey,Brown,1987-10-12,F,2016-02-11,7
386,Erika,Stanton,1974-10-07,F,2019-10-19,1
387,Linda,Henderson,1965-08-12,M,2016-01-17,4
388,Katherine,Stafford,1992-10-15,M,2021-02-23,9
389,Vicki,Robinson,1990-08-07,M,2016-09-02,5
390,Julie,Graham,1995-01-11,F,2024-04-13,2
391,Rebecca,Howard,1968-09-02,M,2023-07-11,5
392,Jamie,Thompson,1968-10-13,F,2017-11-08,6
393,Amanda,Murphy,1992-06-09,F,2019-03-19,1
394,Carmen,Hatfield,2000-07-26,F,2019-07-08,4
395,Margaret,Burgess,2001-03-07,M,2017-03-10,2
396,Timothy,Reyes,1972-11-24,M,2017-08-12,5
397,Kylie,Ortiz,1975-01-02,M,2018-05-02,5
398,Paul,Baker,1973-11-24,F,2016-10-25,5
399,Brenda,Schmidt,1977-08-09,M,2016-09-13,1
400,Melissa,Fitzgerald,1974-09-05,F,2018-05-16,1
401,Lauren,Parks,1979-01-08,F,2018-11-16,9
402,Diane,Ford,1965-07-05,F,2022-12-05,5
403,Aaron,Williams,1999-03-27,M,2019-08-26,7
404,Hunter,Dorsey,1972-09-17,F,2016-12-16,10
405,William,Ortiz,1997-01-14,F,2019-02-07,4
406,Jonathan,Myers,1987-10-12,F,2017-12-19,4
407,Cameron,Smith,1983-02-02,F,2015-10-28,3
408,Michelle,Taylor,1986-04-18,M,2016-10-22,2
409,Sherri,Melton,1971-07-20,F,2021-05-30,3
410,Kevin,Palmer,1991-04-24,F,2017-08-01,2
411,Ricky,Oconnor,1981-04-20,M,2017-11-14,4
412,Lisa,Hernandez,1974-04-06,M,2014-10-12,5
413,Bryan,Rivera,1986-10-17,M,2020-06-19,2
414,Danielle,Larsen,1997-08-14,F,2023-08-21,2
415,David,Hoover,1986-01-24,F,2022-08-26,1
416,Justin,Wright,1999-10-08,M,2016-08-20,8
417,Maria,Johnson,1973-04-29,M,2019-02-05,9
418,Brian,Drake,1989-01-30,M,2015-11-16,5
419,Barry,Jackson,2001-04-15,F,2019-03-29,4
420,Robert,French,1984-04-04,M,2018-03-29,6
421,Travis,Sutton,1979-06-13,M,2014-07-23,7
422,Michelle,Jackson,1989-04-01,M,2016-12-05,4
423,Jennifer,Miller,1987-01-25,F,2018-01-05,3
424,Emily,Pennington,1990-01-17,M,2024-04-24,10
425,Edward,Harper,1995-07-23,F,2014-07-18,9
426,Valerie,Oliver,1998-04-19,F,2021-08-08,2
427,Robert,Ellis,1984-04-27,M,2016-08-26,5
428,Cheryl,Hernandez,1991-05-25,M,2016-12-17,1
429,Paul,Guzman,1991-02-19,F,2022-09-27,9
430,Brandon,King,1970-02-19,F,2023-08-26,4
431,Thomas,Shaffer,1973-12-20,F,2015-03-10,10
432,Edward,Oconnor,1973-07-14,F,2023-01-19,6
433,Antonio,Johnson,1963-10-28,F,2019-11-29,6
434,Christina,Randolph,1998-09-05,F,2018-03-25,2
435,Crystal,Johnson,1970-10-03,M,2017-06-15,8
436,Daniel,Davis,1977-06-07,M,2022-04-04,9
437,Andrea,Carter,1998-06-05,F,2019-11-16,7
438,Michael,Hernandez,1971-01-20,M,2022-01-07,5
439,Patrick,Young,1981-08-20,M,2018-06-05,8
440,Kimberly,Kelly,1974-12-18,M,2019-03-04,4
441,Tracy,Moss,1989-01-23,M,2017-09-12,6
442,Nicole,Sullivan,1969-04-19,F,2016-03-12,4
443,Chelsea,Nelson,1965-12-09,M,2020-06-09,7
444,Tanner,Vasquez,1964-03-14,M,2022-10-29,5
445,Cynthia,Long,1971-05-05,F,2019-02-13,8
446,Matthew,Collins,1988-02-18,M,2020-06-27,4
447,David,Lester,1996-03-13,M,2023-08-27,1
448,Felicia,Pierce,1985-02-24,M,2019-04-19,6
449,Christy,Madden,1970-11-05,F,2018-03-12,10
450,Kristina,Mejia,1994-04-16,M,2019-05-08,4
451,David,Duncan,1988-08-08,M,2023-11-20,8
452,Rhonda,Baker,1980-10-06,M,2021-03-01,6
453,Lauren,Mcdaniel,1996-08-05,M,2015-08-08,6
454,Sabrina,Bryant,1979-01-19,M,2017-06-20,9
455,Monique,Griffith,1974-04-24,F,2020-11-16,1
456,Erin,Powell,2001-09-15,M,2016-06-04,9
457,Lisa,Crawford,2001-01-09,F,2016-02-09,4
458,April,Smith,1968-10-16,M,2023-04-13,7
459,Kristen,Singh,1998-01-21,M,2016-11-04,10
460,Jaime,Johnson,1974-12-02,F,2022-04-30,4
461,Kimberly,Becker,1965-03-29,M,2016-12-09,3
462,Sean,Perkins,1974-11-03,F,2021-09-04,8
463,Katherine,Parsons,1998-09-05,F,2018-12-09,1
464,Stanley,Roberts,1991-04-25,M,2023-08-11,4
465,Kristine,Parks,1977-08-24,F,2017-10-22,1
466,Charles,Clark,1993-04-22,F,2017-07-05,4
467,Bradley,Moreno,1991-01-18,M,2015-08-27,7
468,Sarah,Peterson,1981-06-17,M,2018-12-31,2
469,Todd,Good,1964-12-05,M,2021-12-25,10
470,Rachel,Bonilla,1972-08-16,M,2020-01-20,3
471,Shirley,Clark,1989-11-27,M,2020-11-20,10
472,Elizabeth,Knight,1975-02-23,M,2023-03-13,5
473,Ashley,Rivera,1993-06-30,M,2015-05-12,10
474,Jason,Schmitt,2001-12-06,F,2020-05-06,2
475,Clayton,Middleton,1967-02-20,F,2021-02-14,4
476,Lori,Willis,1989-01-03,F,2021-01-07,3
477,Pamela,Cortez,1969-05-24,F,2023-11-02,5
478,Kimberly,Maldonado,1991-01-23,F,2016-08-18,10
479,Holly,Gomez,1986-04-02,F,2023-09-11,8
480,Robert,Hendricks,1979-05-08,F,2024-03-04,5
481,Kevin,Lam,1997-12-22,M,2017-01-27,10
482,Daniel,Rivera,1994-06-27,M,2015-01-30,5
483,Ronald,Burgess,1966-02-23,M,2019-09-07,2
484,Ashlee,Smith,1996-02-24,M,2022-01-13,3
485,Sandra,Velasquez,1970-06-01,M,2023-04-09,8
486,Shari,Cunningham,1981-10-09,M,2024-04-11,3
487,Robert,Farley,1998-01-08,M,2021-07-25,4
488,Cory,Cox,1996-11-06,F,2018-01-23,10
489,Kim,Garrett,2000-12-20,M,2022-06-18,8
490,Jessica,Morris,1990-04-22,F,2017-12-13,7
491,Anthony,Patton,1995-08-27,M,2021-02-23,7
492,Sean,Burke,1981-07-17,F,2015-12-25,3
493,Gina,Archer,1975-10-22,M,2016-02-24,4
494,Anthony,Smith,1979-02-14,M,2023-08-06,7
495,Samantha,Taylor,2000-04-20,F,2021-04-30,1
496,Suzanne,Williams,1988-04-12,F,2016-07-22,9
497,Jennifer,Martinez,1974-05-06,F,2023-02-09,1
498,Christian,Noble,1984-01-26,F,2022-06-05,8
499,Chad,Fry,1973-04-06,F,2017-05-06,7
500,Michael,Castillo,1994-07-31,M,2015-01-14,6
